first_name,last_name,email,mobile_number,city,state,country,industry,year_founded
Jai,Toor,parikhayushman@example.com,9424339341,Kochi,Telangana,India,Civil Service administrator,2022
Megha,Ganesan,nchaudhari@example.org,7974768107,Bidar,Uttarakhand,India,Printmaker,1954
Ganga,Bawa,muttichakrika@example.net,7330135369,Erode,Manipur,India,Mental health nurse,1951
Chatresh,Yohannan,advikkala@example.com,7570509612,Dewas,Jharkhand,India,Risk manager,1971
Yash,Chakraborty,ngupta@example.net,6698576269,Kozhikode,West Bengal,India,Musician,1960
Shaurya,Dara,rratti@example.com,9703877771,Anantapur,Meghalaya,India,"Radiographer, therapeutic",1970
Vrinda,Kothari,sankaranamika@example.com,6921047797,Varanasi,Gujarat,India,Theatre director,1985
Kalpit,Om,zachariahyoshita@example.org,9436482150,Sagar,Meghalaya,India,"Scientist, biomedical",1968
Dhriti,Kamdar,siyahayre@example.org,9569809219,Ichalkaranji,Chhattisgarh,India,Fine artist,2002
Ira,Sheth,bumbishanvi@example.org,6635997042,Sri Ganganagar,Maharashtra,India,"Psychologist, prison and probation services",2015
Kashish,Soman,sibaldivya@example.com,7460083397,Cuttack,Tripura,India,"Surveyor, commercial/residential",2007
Yauvani,Bajaj,quincykhare@example.net,6790649479,Eluru,Assam,India,"Civil engineer, contracting",1951
Amaira,Dey,inayakale@example.org,6819003835,Morena,Kerala,India,Insurance account manager,2017
Aradhana,Babu,jmane@example.org,9967204433,Karnal,Odisha,India,Insurance underwriter,1968
Luke,Cherian,deolyashica@example.net,9313090182,Tiruchirappalli,Gujarat,India,Charity officer,1957
Azaan,Karpe,yashica79@example.org,6695970993,Muzaffarpur,Madhya Pradesh,India,Research scientist (medical),2005
Wridesh,Balakrishnan,bhatnagaradvaith@example.net,9591705056,Sultan Pur Majra,West Bengal,India,Sport and exercise psychologist,2002
Vansha,Arya,fnaidu@example.com,7402072406,Satna,Nagaland,India,Chief Executive Officer,2011
Oscar,Nadkarni,krishasule@example.com,9504502171,Sultan Pur Majra,Tripura,India,"Conservation officer, historic buildings",1975
Triveni,Sane,ssarin@example.org,9939233123,Baranagar,West Bengal,India,Operational investment banker,1999
Dipta,Padmanabhan,zehaan27@example.org,6394370895,Naihati,Maharashtra,India,"Civil engineer, consulting",1950
Oliver,Wali,asagar@example.net,6158344025,Tirupati,Goa,India,Mining engineer,1969
Gayathri,Barman,qarinravi@example.com,6087255122,Unnao,Kerala,India,Proofreader,1967
Shivansh,Mittal,chaudharigunbir@example.org,6136056997,Nangloi Jat,Himachal Pradesh,India,Risk manager,1974
Balhaar,Sampath,ridhi90@example.org,7974643857,Ulhasnagar,Haryana,India,"Engineer, broadcasting (operations)",1993
Warjas,Borra,balkrishna@example.org,6873336136,Tirupati,Kerala,India,Transport planner,2020
Zinal,Patla,ltoor@example.com,9314256765,Jamalpur,Arunachal Pradesh,India,Counsellor,1974
Bhavya,Dua,siddharthsoman@example.com,6398379948,Kadapa,Odisha,India,Psychotherapist,1999
Maya,Sarkar,pnori@example.org,6635294274,Baranagar,Andhra Pradesh,India,Music therapist,2005
Gabriel,Gera,dasssachi@example.com,6379722831,Madurai,Tripura,India,Tour manager,1951
Vidhi,Suresh,mitesh51@example.net,7430756675,Malegaon,Nagaland,India,"Scientist, water quality",2020
Anay,Virk,janakipalla@example.com,7192873744,Jalna,Telangana,India,Health visitor,1974
Xalak,Nagy,mahajanwarda@example.com,9409585401,Sonipat,Punjab,India,Stage manager,1980
Madhavi,Trivedi,golereyansh@example.org,9800197736,Noida,Andhra Pradesh,India,Forensic scientist,2015
Tanish,Thakkar,yash56@example.net,7540505698,Jalandhar,Rajasthan,India,Secondary school teacher,1977
Ayaan,Magar,jdubey@example.com,6185341778,Hapur,Jharkhand,India,Paramedic,2003
Harini,Sekhon,jhalakjhaveri@example.net,7877234140,Guntakal,Nagaland,India,"Surveyor, hydrographic",2017
Varsha,Saran,ishanvi75@example.net,6653380485,Alwar,Arunachal Pradesh,India,Catering manager,1957
Ethan,Sarkar,sramesh@example.net,9261331514,Jodhpur,Bihar,India,Landscape architect,1961
Jyoti,Dugar,ucchalborra@example.com,7973191622,Bhilai,Goa,India,"Engineer, control and instrumentation",2006
Ati,Tank,indrajit26@example.net,9084358165,Bhopal,West Bengal,India,Call centre manager,2000
Gautami,Buch,darika61@example.net,6604925312,Tenali,Uttarakhand,India,Neurosurgeon,1963
Bhanumati,Warrior,nandini93@example.org,6452009947,Moradabad,Rajasthan,India,Chartered legal executive (England and Wales),1973
Henry,Ravel,zmani@example.net,7966999154,Moradabad,Chhattisgarh,India,"Administrator, charities/voluntary organisations",1994
Aarna,Desai,isunder@example.org,7419947468,Jamnagar,Chhattisgarh,India,Learning mentor,1998
Charan,Sibal,rialoyal@example.org,6111347795,Tiruppur,Arunachal Pradesh,India,Pharmacologist,1963
Irya,Gole,sawhneydaksha@example.com,6265983305,Kishanganj,Gujarat,India,Gaffer,1973
Wishi,Magar,tailornikita@example.org,7584533121,Sonipat,Punjab,India,Chief Executive Officer,1976
Omisha,Saxena,wsaraf@example.net,9444858969,Haridwar,Uttar Pradesh,India,Catering manager,1956
Sanya,Sehgal,jasmit09@example.net,7392111920,Dehri,Rajasthan,India,Immigration officer,1980
Peter,Parikh,eatwal@example.net,9901271794,Fatehpur,Kerala,India,Bonds trader,2005
Saumya,Mitter,bbandi@example.com,6408634669,Agra,Rajasthan,India,"Production assistant, television",2023
Kevin,Kulkarni,tsampath@example.org,6768542431,Medininagar,Uttar Pradesh,India,Bonds trader,1951
Ganga,Vyas,farisnarain@example.net,6187743408,Amroha,Madhya Pradesh,India,Special effects artist,1969
Atharv,Randhawa,jacob84@example.com,6649446231,Raurkela Industrial Township,Odisha,India,Primary school teacher,2021
Sara,Sundaram,oni32@example.net,7468328211,Ichalkaranji,Maharashtra,India,Chiropractor,2005
Omaja,Sangha,baljiwanagarwal@example.net,9855166599,Gulbarga,Sikkim,India,Charity officer,1961
Tanay,Krishnamurthy,rachitgopal@example.com,9176609033,Bhatpara,Odisha,India,Bonds trader,1972
Jagvi,Sarma,comarbenjamin@example.net,6836131390,Tezpur,Kerala,India,"Horticulturist, amenity",1976
Ekanta,Bansal,unarula@example.org,7484249933,Raebareli,Tripura,India,"Designer, blown glass/stained glass",1982
Wriddhish,Korpal,tooroscar@example.org,9757655926,Bhilwara,Bihar,India,Transport planner,1983
Saumya,Parikh,advaithcheema@example.org,9532047496,Bareilly,Uttar Pradesh,India,Exhibition designer,2022
Reyansh,Palla,gautami33@example.net,6950924377,Moradabad,Assam,India,Tour manager,2007
Jeet,Vyas,darpansunder@example.org,6185353346,Phusro,Himachal Pradesh,India,Sport and exercise psychologist,1984
Gauri,Butala,priyasekhon@example.net,6641187604,Malda,Jharkhand,India,Health physicist,1980
Urvashi,Saini,gloyal@example.com,7421396077,Pondicherry,Jharkhand,India,IT consultant,1954
Ayaan,Swaminathan,mjoshi@example.org,7492591781,Nellore,Tripura,India,"Geologist, wellsite",2007
Gabriel,Krish,harinakshi40@example.org,6375117870,Maheshtala,Madhya Pradesh,India,Educational psychologist,2002
Falguni,Sama,dipta59@example.org,9948096959,Sri Ganganagar,Arunachal Pradesh,India,Curator,2013
Agastya,Wadhwa,vsahni@example.org,7484395232,Panchkula,Uttar Pradesh,India,English as a second language teacher,1969
Samaksh,Ramachandran,jyotijaggi@example.com,6454788556,Amritsar,Uttar Pradesh,India,"Optician, dispensing",1966
Bahadurjit,Uppal,maanasjhaveri@example.net,9634618334,Ratlam,Nagaland,India,Oncologist,1982
Maya,Gade,lramakrishnan@example.com,9206869396,Nangloi Jat,Odisha,India,Secondary school teacher,1986
Ekalinga,Dâ€™Alia,yashawini65@example.com,9020726526,Panipat,Tamil Nadu,India,Biomedical engineer,1953
Aashi,Divan,idika38@example.net,6360348204,Moradabad,Himachal Pradesh,India,Automotive engineer,1993
Abdul,Rajagopalan,tejas10@example.net,9481535874,Kirari Suleman Nagar,Maharashtra,India,Tour manager,1971
Ijaya,Bahri,gabaatharv@example.org,7010457766,Kirari Suleman Nagar,Haryana,India,"Merchandiser, retail",1974
Chakradev,Wali,keya94@example.com,7261306832,Aizawl,Andhra Pradesh,India,Orthoptist,1974
Omya,Bahri,hemamahajan@example.com,7099011325,Chandigarh,Goa,India,Horticultural therapist,1977
Lohit,Kar,triya63@example.net,7852719295,Ahmedabad,Manipur,India,Homeopath,2020
Thomas,Dani,bimala01@example.org,7169204187,Ujjain,Kerala,India,Training and development officer,1983
Lajita,Nagar,lohit51@example.org,7478974699,Solapur,Chhattisgarh,India,Field seismologist,1960
Zayyan,Vora,bhavna82@example.com,6926518674,Delhi,West Bengal,India,Surgeon,1951
Yashvi,Bhatt,watikashroff@example.com,9922171539,Visakhapatnam,Tripura,India,Set designer,1963
Ira,Golla,girindramodi@example.com,6959930603,Machilipatnam,Tripura,India,Horticultural therapist,1986
Ganga,Shetty,bendarsh@example.net,7310861445,Tadepalligudem,Haryana,India,Corporate treasurer,1989
Yatin,Chaudhari,ladli64@example.net,9290620518,Chennai,Karnataka,India,Human resources officer,2003
Yagnesh,Brahmbhatt,yutikamann@example.org,7165871913,Gudivada,Punjab,India,Podiatrist,2021
Max,Dar,nathan17@example.com,6170485682,Tiruppur,Gujarat,India,Magazine features editor,1989
Aarush,Dass,ekbalsamra@example.net,6854606485,Kalyan-Dombivli,Assam,India,Television/film/video producer,1974
Yamini,Srivastava,manbirnanda@example.com,6738516466,Madhyamgram,Kerala,India,"Engineer, electrical",1968
Sanya,Ramanathan,baghyawatichakrabarti@example.net,6905355150,Jammu,Haryana,India,Advertising account planner,1986
Panini,Chand,vivaan50@example.com,9146547287,Nanded,Madhya Pradesh,India,Airline pilot,1963
Yashica,Bajaj,sdas@example.net,9663495802,Junagadh,Punjab,India,Chief Executive Officer,2011
Oni,Gole,unnati78@example.org,9706943705,Sonipat,Tamil Nadu,India,English as a foreign language teacher,2011
Chatura,Brar,jagratinayar@example.net,7695873861,Mira-Bhayandar,Assam,India,Automotive engineer,1959
Udarsh,Amble,gbalasubramanian@example.org,7026461652,Bareilly,Arunachal Pradesh,India,Structural engineer,1965
Rachita,Sathe,zcontractor@example.com,7267772712,Sangli-Miraj & Kupwad,Maharashtra,India,Training and development officer,1980
Baghyawati,Kibe,devika85@example.org,9248951683,Ambala,Gujarat,India,Research scientist (medical),2007
Chakradhar,Khare,harinakshi76@example.com,9401684825,Jamalpur,Mizoram,India,Multimedia programmer,1967
